1492,BLANK
1491,SWORD
1490,LORIS
1489,MODAL
1488,NERVY
1487,FOIST
1486,UNDID
1485,GNOME
1484,EXILE
1483,BRAND
1482,JUMPY
1481,NOVEL
1480,DREAD
1479,STILT
1478,ATRIA
1477,BALER
1476,CURVE
1475,POPPY
1474,INCUR
1473,MOLDY
1472,BLINK
1471,WITTY
1470,STUMP
1469,PLAIN
1468,OFFER
1467,COMFY
1466,ELITE
1465,ODDLY
1464,THRUM
1463,GLADE
1462,TAUPE
1461,CURIO
1460,MUNCH
1459,PRANK
1458,PETTY
1457,QUAIL
1456,GHOST
1455,BILGE
1454,VIXEN
1453,PLAID
1452,TAFFY
1451,BOARD
1450,LEASE
1449,REUSE
1448,EDIFY
1447,DATUM
1446,CEASE
1445,ADMIN
1444,PREEN
1443,ROUGH
1442,HABIT
1441,IDIOM
1440,QUASH
1439,POLAR
1438,SPORT
1437,DRONE
1436,GRIFT
1435,SUEDE
1434,SHUCK
1433,FOLIO
1432,ALARM
1431,BORNE
1430,PITCH
1429,LIVID
1428,GROWN
1427,FIFTH
1426,EAGER
1425,BONGO
1424,AWARE
1423,BICEP
1422,DOWEL
1421,YEAST
1420,TRIPE
1419,BALMY
1418,MACHO
1417,SUITE
1416,SHUSH
1415,TROUT
1414,PATSY
1413,WHOSE
1412,ADEPT 
1411,IDLER
1410,BLISS
1409,DUMMY
1408,WEEDY
1407,CLASH
1406,KNOWN
1405,GENIE
1404,OZONE
1403,ARTSY
1402,SPATE
1401,PATCH
1400,INBOX
1399,DIRGE
1398,STOOD
1397,MORAL
1396,ASHEN
1395,CREST
1394,LAUGH
1393,NURSE
1392,ARROW
1391,TURBO
1390,WHEAT
1389,SPARE
1388,HAZEL
1387,VILLA
1386,FOAMY
1385,KRILL
1384,SHEAR
1383,CURSE
1382,JEWEL
